Workbook
Name comex: [1]PREMISAS!$D$3:$L$42
Name iva: [1]PREMISAS!$B$3
Name mar_comer: [1]PREMISAS!$B$5
Name safe: [1]PREMISAS!$B$4
Name tc: [1]PREMISAS!$B$2

Sheet Orden
A2: #VALUE! | B2: FACTURA PROFORMA
A4: N.º | F4: Contacto: | G4: Jhon Almanzar
A5: Fecha | B5: =TODAY() -> 46171 | F5: Número | G5: 1 849 657-7733
A6: Empresa: | B6: Bimbo Bakeries USA, Inc.
A7: Dirección: | B7: 5525 N. MacArthur BL vd, Suite 850
B8: IRVING, TX 750038, Dallas
A10: CLIENTE | B10: =_xlfn.XLOOKUP(B13,Clientes!A:A,Clientes!B:B,0) -> Bravo | F10: Contacto:
A11: Dirección: | B11: =_xlfn.XLOOKUP(B13,Clientes!A:A,Clientes!C:C,0) -> Calle Central, Zona Industrial de Herrera, Santo Domingo | F11: Número | G11: =_xlfn.XLOOKUP(B13,Clientes!A:A,Clientes!E:E,0) -> 809-227-2605
A12: Numero Orden | F12: Lista | G12: =_xlfn.XLOOKUP(B13,Clientes!A:A,Clientes!F:F,0) -> AUBRAVO
A13: NIF: | B13: 125020
A14: Código Interno | B14: Código de Barra | C14: Descripción del producto/servicio | D14: Cajas | E14: Piezas por Cj | F14: Precio Unitario US$ | G14: Precio Caja US$ | H14: Precio Total | K14: CLAVE
A15: 504757 | B15: =IFERROR(_xlfn.XLOOKUP(K15,Precios!K:K,Precios!I:I,0),"0") -> 658480001101 | C15: =_xlfn.XLOOKUP(K15,Precios!K:K,Precios!C:C,0) -> Salmas 8Pz 144g | D15: 349 | E15: =_xlfn.XLOOKUP(K15,Precios!K:K,Precios!F:F,0) -> 20 | F15: =_xlfn.XLOOKUP(K15,Precios!K:K,Precios!E:E,0) -> 2.26 | G15: =Tabla1[[#This Row],[Piezas por Cj]]*Tabla1[[#This Row],[Precio Unitario US$]] -> 45.2 | H15: =G15*D15 -> 15774.8 | K15: =_xlfn.CONCAT(Tabla1[[#This Row],[Código Interno]],$G$12) -> 504757AUBRAVO
A16: 24184 | B16: =IFERROR(_xlfn.XLOOKUP(K16,Precios!K:K,Precios!I:I,0),"0") -> 7441029507041 | C16: =_xlfn.XLOOKUP(K16,Precios!K:K,Precios!C:C,0) -> Pan Tostado Integral 2p 210g | D16: 20 | E16: =_xlfn.XLOOKUP(K16,Precios!K:K,Precios!F:F,0) -> 42 | F16: =_xlfn.XLOOKUP(K16,Precios!K:K,Precios!E:E,0) -> 1.7 | G16: =Tabla1[[#This Row],[Piezas por Cj]]*Tabla1[[#This Row],[Precio Unitario US$]] -> 71.4 | H16: =G16*D16 -> 1428 | K16: =_xlfn.CONCAT(Tabla1[[#This Row],[Código Interno]],$G$12) -> 24184AUBRAVO
A17: 1233 | B17: =IFERROR(_xlfn.XLOOKUP(K17,Precios!K:K,Precios!I:I,0),"0") -> 7441029556025 | C17: =_xlfn.XLOOKUP(K17,Precios!K:K,Precios!C:C,0) -> Pan Tostado doble Fibra 2p 250g | D17: 40 | E17: =_xlfn.XLOOKUP(K17,Precios!K:K,Precios!F:F,0) -> 42 | F17: =_xlfn.XLOOKUP(K17,Precios!K:K,Precios!E:E,0) -> 1.7 | G17: =Tabla1[[#This Row],[Piezas por Cj]]*Tabla1[[#This Row],[Precio Unitario US$]] -> 71.4 | H17: =G17*D17 -> 2856 | K17: =_xlfn.CONCAT(Tabla1[[#This Row],[Código Interno]],$G$12) -> 1233AUBRAVO
A18: 505252 | B18: =IFERROR(_xlfn.XLOOKUP(K18,Precios!K:K,Precios!I:I,0),"0") -> 7441029500400 | C18: =_xlfn.XLOOKUP(K18,Precios!K:K,Precios!C:C,0) -> Pan Tostado Clasico 1p 210g | D18: 40 | E18: =_xlfn.XLOOKUP(K18,Precios!K:K,Precios!F:F,0) -> 42 | F18: =_xlfn.XLOOKUP(K18,Precios!K:K,Precios!E:E,0) -> 1.7 | G18: =Tabla1[[#This Row],[Piezas por Cj]]*Tabla1[[#This Row],[Precio Unitario US$]] -> 71.4 | H18: =G18*D18 -> 2856 | K18: =_xlfn.CONCAT(Tabla1[[#This Row],[Código Interno]],$G$12) -> 505252AUBRAVO
K19: =_xlfn.CONCAT(Tabla1[[#This Row],[Código Interno]],$G$12) -> AUBRAVO
K20: =_xlfn.CONCAT(Tabla1[[#This Row],[Código Interno]],$G$12) -> AUBRAVO
K21: =_xlfn.CONCAT(Tabla1[[#This Row],[Código Interno]],$G$12) -> AUBRAVO
K22: =_xlfn.CONCAT(Tabla1[[#This Row],[Código Interno]],$G$12) -> AUBRAVO
K23: =_xlfn.CONCAT(Tabla1[[#This Row],[Código Interno]],$G$12) -> AUBRAVO
K24: =_xlfn.CONCAT(Tabla1[[#This Row],[Código Interno]],$G$12) -> AUBRAVO
K25: =_xlfn.CONCAT(Tabla1[[#This Row],[Código Interno]],$G$12) -> AUBRAVO
K26: =_xlfn.CONCAT(Tabla1[[#This Row],[Código Interno]],$G$12) -> AUBRAVO
K27: =_xlfn.CONCAT(Tabla1[[#This Row],[Código Interno]],$G$12) -> AUBRAVO
K28: =_xlfn.CONCAT(Tabla1[[#This Row],[Código Interno]],$G$12) -> AUBRAVO
K29: =_xlfn.CONCAT(Tabla1[[#This Row],[Código Interno]],$G$12) -> AUBRAVO
K30: =_xlfn.CONCAT(Tabla1[[#This Row],[Código Interno]],$G$12) -> AUBRAVO
... K42: =_xlfn.CONCAT(Tabla1[[#This Row],[Código Interno]],$G$12) -> AUBRAVO
G44: Subtotal
A45: Forma de Pago | G45: Total a pagar | H45: =SUM(H15:H42) -> 22914.8
A46: 45 Days | G46: INCOTERM | H46: CIF
G47: PAIS DE ORIGEN | H47: Guatemala

Sheet Clientes
A1: NIF: | B1: Cliente | C1: DIRECCION | D1: Contacto: | E1: NUMERO | F1: LISTA_PRECIOS
A2: 111008 | B2: Centro Cuestas Nacional S.A.S | C2: Gregorio Luperon Ave Corner Gustavo M. Ricart Ave | D2: Fausto Gautreaux | E2: 809 537-5017 | F2: AUCCN
A3: 111008 | B3: Centro Cuestas Nacional S.A.S | C3: Gregorio Luperon Ave Corner Gustavo M. Ricart Ave | D3: Yamile Canario | E3: 809 537-5017 | F3: AUCCN
A4: 125020 | B4: Bravo | C4: Calle Central, Zona Industrial de Herrera, Santo Domingo | E4: 809-227-2605 | F4: AUBRAVO
A5: 147006 | B5: GRUPO RAMOS S.A | C5: AV. WINSTON CHURCHIL ESQ. ANGEL

Sheet Precios
A1: MARCA | B1: CODIGO | C1: Descripcion | D1: GRAMOS | E1: Precio CIF | F1: Caja | G1: Pallet | H1: Precio CJ | I1: COD BARRAS | J1: LISTA_PRECIOS | K1: Clave | L1: Columna1 | M1: ORIGEN
A2: Sanissimo | B2: 504757 | C2: Salmas 8Pz 144g | D2: 144g | E2: 2.06 | F2: 20 | G2: 70 | H2: =E2*F2 -> 41.2 | I2: 658480001101 | J2: AUCCN | K2: =_xlfn.CONCAT(Tabla3[[#This Row],[CODIGO]],Tabla3[[#This Row],[LISTA_PRECIOS]]) -> 504757AUCCN | L2: Centro Cuestas Nacional S.A.S | M2: GUATEMALA
A3: Bimbo | B3: 505252 | C3: Pan Tostado Clasico 1p 210g | D3: 210g | E3: 1.61 | F3: 42 | G3: 20 | H3: =E3*F3 -> 67.62 | I3: 7441029500400 | J3: AUCCN | K3: =_xlfn.CONCAT(Tabla3[[#This Row],[CODIGO]],Tabla3[[#This Row],[LISTA_PRECIOS]]) -> 505252AUCCN | L3: Centro Cuestas Nacional S.A.S | M3: GUATEMALA
A4: Bimbo | B4: 1233 | C4: Pan Tostado doble Fibra 2p 250g | D4: 250g | E4: 1.61 | F4: 42 | G4: 20 | H4: =E4*F4 -> 67.62 | I4: 7441029556025 | J4: AUCCN | K4: =_xlfn.CONCAT(Tabla3[[#This Row],[CODIGO]],Tabla3[[#This Row],[LISTA_PRECIOS]]) -> 1233AUCCN | L4: Centro Cuestas Nacional S.A.S | M4: GUATEMALA
A5: Bimbo | B5: 24184 | C5: Pan Tostado Integral 2p 210g | D5: 210 | E5: 1.61 | F5: 42 | G5: 20 | H5: =E5*F5 -> 67.62 | I5: 7441029507041 | J5: AUCCN | K5: =_xlfn.CONCAT(Tabla3[[#This Row],[CODIGO]],Tabla3[[#This Row],[LISTA_PRECIOS]]) -> 24184AUCCN | L5: Centro Cuestas Nacional S.A.S | M5: GUATEMALA
A6: Milpa Real | B6: 5707 | C6: Tostada Ondulada | D6: 360g | E6: 1.9 | F6: 18 | G6: 30 | H6: =E6*F6 -> 34.2 | I6: 7441029500141 | J6: AUCCN | K6: =_xlfn.CONCAT(Tabla3[[#This Row],[CODIGO]],Tabla3[[#This Row],[LISTA_PRECIOS]]) -> 5707AUCCN | L6: Centro Cuestas Nacional S.A.S | M6: GUATEMALA
A7: Sanissimo | B7: 504757 | C7: Salmas 8Pz 144g | D7: 144g | E7: 2.26 | F7: 20 | G7: 70 | H7: =E7*F7 -> 45.2 | I7: 658480001101 | J7: AUBRAVO | K7: =_xlfn.CONCAT(Tabla3[[#This Row],[CODIGO]],Tabla3[[#This Row],[LISTA_PRECIOS]]) -> 504757AUBRAVO | L7: Bravo | M7: GUATEMALA
A8: Bimbo | B8: 505252 | C8: Pan Tostado Clasico 1p 210g | D8: 210g | E8: 1.7 | F8: 42 | G8: 20 | H8: =E8*F8 -> 71.4 | I8: 7441029500400 | J8: AUBRAVO | K8: =_xlfn.CONCAT(Tabla3[[#This Row],[CODIGO]],Tabla3[[#This Row],[LISTA_PRECIOS]]) -> 505252AUBRAVO | L8: Bravo | M8: GUATEMALA
A9: Bimbo | B9: 1233 | C9: Pan Tostado doble Fibra 2p 250g | D9: 250g | E9: 1.7 | F9: 42 | G9: 20 | H9: =E9*F9 -> 71.4 | I9: 7441029556025 | J9: AUBRAVO | K9: =_xlfn.CONCAT(Tabla3[[#This Row],[CODIGO]],Tabla3[[#This Row],[LISTA_PRECIOS]]) -> 1233AUBRAVO | L9: Bravo | M9: GUATEMALA
A10: Bimbo | B10: 24184 | C10: Pan Tostado Integral 2p 210g | D10: 210 | E10: 1.7 | F10: 42 | G10: 20 | H10: =E10*F10 -> 71.4 | I10: 7441029507041 | J10: AUBRAVO | K10: =_xlfn.CONCAT(Tabla3[[#This Row],[CODIGO]],Tabla3[[#This Row],[LISTA_PRECIOS]]) -> 24184AUBRAVO | L10: Bravo | M10: GUATEMALA
A11: Milpa Real | B11: 5707 | C11: Tostada Ondulada | D11: 360g | E11: 2 | F11: 18 | G11: 30 | H11: =E11*F11 -> 36 | I11: 7441029500141 | J11: AUBRAVO | K11: =_xlfn.CONCAT(Tabla3[[#This Row],[CODIGO]],Tabla3[[#This Row],[LISTA_PRECIOS]]) -> 5707AUBRAVO | L11: Bravo | M11: GUATEMALA
